{
    "list": [
        {
            "light1": {
                "position": {
                    "x": -7.4,
                    "y": 5.869565217391305,
                    "z": 0
                },
                "intensity": 0.8152173913043479,
                "color": {
                    "r": 0.5725490196078431,
                    "g": 0.01568627450980392,
                    "b": 0.9725490196078431
                }
            },
            "light2": {
                "position": {
                    "x": 7.4,
                    "y": 3.0434782608695663,
                    "z": 0
                },
                "intensity": 0.6521739130434783,
                "color": {
                    "r": 1,
                    "g": 0.24313725490196078,
                    "b": 0.24313725490196078
                }
            },
            "light3": {
                "position": {
                    "x": 0,
                    "y": 1,
                    "z": 3
                },
                "intensity": 0,
                "color": {
                    "r": 1,
                    "g": 1,
                    "b": 1
                }
            },
            "light4": {
                "intensity": 0,
                "color": {
                    "r": 1,
                    "g": 1,
                    "b": 1
                }
            }
        },
        {
            "light1": {
                "position": {
                    "x": -7.4,
                    "y": 5.434782608695652,
                    "z": 0
                },
                "intensity": 0.5434782608695652,
                "color": {
                    "r": 0.43137254901960786,
                    "g": 0.5568627450980392,
                    "b": 0.984313725490196
                }
            },
            "light2": {
                "position": {
                    "x": 7.4,
                    "y": 10,
                    "z": 0
                },
                "intensity": 0,
                "color": {
                    "r": 1,
                    "g": 1,
                    "b": 1
                }
            },
            "light3": {
                "position": {
                    "x": 0,
                    "y": 2.608695652173914,
                    "z": 3
                },
                "intensity": 0.8695652173913043,
                "color": {
                    "r": 1,
                    "g": 0.1803921568627451,
                    "b": 0.4117647058823529
                }
            },
            "light4": {
                "intensity": 0,
                "color": {
                    "r": 1,
                    "g": 1,
                    "b": 1
                }
            }
        },
        {
            "light1": {
                "position": {
                    "x": -7.4,
                    "y": 10,
                    "z": 0
                },
                "intensity": 1,
                "color": {
                    "r": 1,
                    "g": 0.2235294117647059,
                    "b": 0.2235294117647059
                }
            },
            "light2": {
                "position": {
                    "x": 7.4,
                    "y": 10,
                    "z": 0
                },
                "intensity": 0.4,
                "color": {
                    "r": 0.5882352941176471,
                    "g": 0.9372549019607843,
                    "b": 0.3803921568627451
                }
            },
            "light3": {
                "position": {
                    "x": 0,
                    "y": 1,
                    "z": 3
                },
                "intensity": 0.1,
                "color": {
                    "r": 1,
                    "g": 1,
                    "b": 1
                }
            },
            "light4": {
                "intensity": 0,
                "color": {
                    "r": 1,
                    "g": 1,
                    "b": 1
                }
            }
        }
    ]
}