{
    "list": [
        {
            "light1": {
                "position": {
                    "x": -7.4,
                    "y": 8.478260869565219,
                    "z": 0
                },
                "intensity": 0.7065217391304347,
                "color": {
                    "r": 0.4980392156862745,
                    "g": 0.5333333333333333,
                    "b": 1
                }
            },
            "light2": {
                "position": {
                    "x": 7.4,
                    "y": 10,
                    "z": 0
                },
                "intensity": 0.4291304347826087,
                "color": {
                    "r": 0.8352941176470589,
                    "g": 0.27058823529411763,
                    "b": 0.27058823529411763
                }
            },
            "light3": {
                "position": {
                    "x": 0,
                    "y": 1,
                    "z": 3
                },
                "intensity": 0.3,
                "color": {
                    "r": 1,
                    "g": 1,
                    "b": 1
                }
            },
            "light4": {
                "intensity": 0,
                "color": {
                    "r": 1,
                    "g": 1,
                    "b": 1
                }
            }
        }
    ]
}