{
    "list": [
        {"light1":{"position":{"x":-7.4,"y":6.086956521739133,"z":0},"intensity":0.16304347826086957,"color":{"r":0.09411764705882353,"g":0.9725490196078431,"b":0.615686274509804}},"light2":{"position":{"x":7.4,"y":9.782608695652172,"z":0},"intensity":0.43478260869565216,"color":{"r":0.9607843137254902,"g":0.23137254901960785,"b":0.12941176470588237}},"light3":{"position":{"x":0,"y":1,"z":3},"intensity":0.10869565217391304,"color":{"r":0.9294117647058824,"g":1,"b":0.7725490196078432}},"light4":{"intensity":0,"color":{"r":1,"g":1,"b":1}}},
        {"light1":{"position":{"x":-7.4,"y":8.478260869565219,"z":0},"intensity":0.7065217391304347,"color":{"r":0.4980392156862745,"g":0.5333333333333333,"b":1}},"light2":{"position":{"x":7.4,"y":10,"z":0},"intensity":0.4891304347826087,"color":{"r":0.8352941176470589,"g":0.27058823529411763,"b":0.27058823529411763}},"light3":{"position":{"x":0,"y":1,"z":3},"intensity":0,"color":{"r":1,"g":1,"b":1}},"light4":{"intensity":0,"color":{"r":1,"g":1,"b":1}}}
    ]
}