{
    "list": [
        {
            "light1": {
                "position": {
                    "x": -7.4,
                    "y": 10,
                    "z": 0
                },
                "intensity": 1,
                "color": {
                    "r": 0.09411764705882353,
                    "g": 0.9725490196078431,
                    "b": 0.615686274509804
                }
            },
            "light2": {
                "position": {
                    "x": 7.4,
                    "y": 10,
                    "z": 0
                },
                "intensity": 1,
                "color": {
                    "r": 1,
                    "g": 0.48627450980392156,
                    "b": 0
                }
            },
            "light3": {
                "position": {
                    "x": 0,
                    "y": 1,
                    "z": 3
                },
                "intensity": 0,
                "color": {
                    "r": 0,
                    "g": 1,
                    "b": 0.43137254901960786
                }
            },
            "light4": {
                "intensity": 0,
                "color": {
                    "r": 1,
                    "g": 1,
                    "b": 1
                }
            }
        },
        {
            "light1": {
                "position": {
                    "x": -3.478260869565217,
                    "y": -1.0869565217391308,
                    "z": 4.782608695652172
                },
                "intensity": 1,
                "color": {
                    "r": 0.7333333333333333,
                    "g": 0.9098039215686274,
                    "b": 0.8392156862745098
                }
            },
            "light2": {
                "position": {
                    "x": 0.6521739130434785,
                    "y": -2.608695652173914,
                    "z": 6.521739130434781
                },
                "intensity": 1,
                "color": {
                    "r": 0,
                    "g": 0.26666666666666666,
                    "b": 1
                }
            },
            "light3": {
                "position": {
                    "x": -5.434782608695652,
                    "y": 5.6521739130434785,
                    "z": -2.8260869565217392
                },
                "intensity": 1.6304347826086958,
                "color": {
                    "r": 1,
                    "g": 0,
                    "b": 0.6862745098039216
                }
            },
            "light4": {
                "intensity": 0.43478260869565216,
                "color": {
                    "r": 1,
                    "g": 1,
                    "b": 1
                }
            }
        }
    ]
}