{
  "src": [
    "src/assets/audio/ui.mp3"
  ],
  "sprite": {
    "intro_1": [
      0,
      4281.156462585033
    ],
    "intro_2": [
      6000,
      4498.480725623584
    ],
    "intro_3": [
      12000,
      3620.272108843537
    ]
  }
}