{
  "src": [
    "src/assets/audio/ui.mp3"
  ],
  "sprite": {
    "button-2": [
      0,
      2429.3877551020405
    ],
    "button-released": [
      4000,
      8855.510204081633
    ],
    "button": [
      14000,
      8855.510204081633
    ],
    "tree": [
      24000,
      626.9387755102046
    ]
  }
}